PRAGMA foreign_keys=OFF;
BEGIN TRANSACTION;


CREATE TABLE parent (
    id INTEGER PRIMARY KEY,
    nom TEXT NOT NULL,
    tel INTEGER,
    codep INTEGER
);
INSERT INTO parent VALUES(33600782153,'Parent de Maya',369258147,75006);
INSERT INTO parent VALUES(33600785482,'Parent de Rachelle',951753456,75009);
INSERT INTO parent VALUES(33619732453,'Parent de Nakamura',147258369,75005);
INSERT INTO parent VALUES(33619834521,'Parent de Kian',456123789,75003);
INSERT INTO parent VALUES(33619835876,'Parent de Tess',753951456,75008);
INSERT INTO parent VALUES(33619847852,'Parent de Gabin',789456123,75004);
INSERT INTO parent VALUES(33619861232,'Parent d''Adrien',987654321,75002);
INSERT INTO parent VALUES(33619868564,'Parent d''Olivier',159357456,75007);
INSERT INTO parent VALUES(33619911212,'Parent de Hawa',123456789,75001);


CREATE TABLE enfant (
    id INTEGER PRIMARY KEY,
    prenom TEXT NOT NULL,
    num_parent INTEGER,
    annee INTEGER,
    FOREIGN KEY (num_parent) REFERENCES parent(id)
);
INSERT INTO enfant VALUES(2,'Hawa',33619911212,2012);
INSERT INTO enfant VALUES(3,'Adrien',33619861232,2013);
INSERT INTO enfant VALUES(6,'Kian',33619834521,2012);
INSERT INTO enfant VALUES(8,'Gabin',33619847852,2014);
INSERT INTO enfant VALUES(12,'Nakamura',33619732453,2009);
INSERT INTO enfant VALUES(14,'Maya',33600782153,2017);
INSERT INTO enfant VALUES(17,'Olivier',33619868564,2017);
INSERT INTO enfant VALUES(21,'Tess',33619835876,2016);
INSERT INTO enfant VALUES(23,'Rachelle',33600785482,2023);


CREATE TABLE mesentente (
    id_enfant1 INTEGER,
    id_enfant2 INTEGER,
    PRIMARY KEY (id_enfant1, id_enfant2),
    FOREIGN KEY (id_enfant1) REFERENCES enfant(id),
    FOREIGN KEY (id_enfant2) REFERENCES enfant(id)
);
INSERT INTO mesentente VALUES(2,3);
INSERT INTO mesentente VALUES(3,2);
COMMIT;
